"1","1","4T/12/4/12/4T","3","1","Rw_33_Evidence_of_perf._GLA-1277_4-16_ENG-4-12-4-12-4.pdf",NULL,NULL,"Rw_33_potw_wyniku_GLA-1277_4-16-POL_4-12-4-12-4.pdf","2","12","2014-09-03 12:42:46","0","2014-09-03 12:42:46","4/12/4/12/4"
"2","1","4/16/4T","2","1","IFT_Rosenheim_Rw31_4-16Ar-4_en.pdf",NULL,"31624826012.pdf",NULL,"2","12","2014-09-03 12:42:46","0","2014-09-03 12:42:46",
"3","1","4T/10 Termo/4/10 Termo/4T","3","1","IFT-Rosenheim-Rw31-4-10Termo-4-10Termo-4-en.pdf",NULL,NULL,NULL,"2","12","2014-09-03 12:42:46","12","2014-09-03 12:42:46",
"4","1","6/16/4T","2","1","IFT-Rosenheim-Rw34-6-16Ar-4-ang.pdf",NULL,"101624827019.pdf","IFT-Rosenheim-Rw34-6-16Ar-4-pol.pdf","2","12","2014-09-03 12:42:46","0","2014-09-03 12:42:46",
"5","1","6,4 (VSG 33.1)/16/4T","2","1","IFT-Rosenheim-Rw34-33.1-16Ar-4T-en.pdf",NULL,NULL,NULL,"2","12","2014-09-03 12:42:46","0","2014-09-03 12:42:46",
"6","1","6/16/6,4T (VSG 33.1T)","2","1","IFT-Rosenheim-Rw35-6-16Ar-33.1-swiadectwo-j.-angielski.pdf",NULL,"31624827780.pdf",NULL,"2","12","2014-09-03 12:42:46","0","2014-09-03 12:42:46",
"7","1","6T/12/3/12/4T","3","1","IFT-Rosenheim-Rw35-6-12-3-12-4en.pdf",NULL,"41626096326.pdf",NULL,"2","12","2014-09-03 12:42:46","0","2014-09-03 12:42:46",
"8","1","12 Float","1","1","IFT-Rosenheim-Rw35-12-float-en.pdf",NULL,"21624826131.pdf",NULL,"2","12","2014-09-03 12:42:46","0","2014-09-03 12:42:46",
"9","1","8,8T (VSG 44.2T)/12/4/12/4T","3","1","IFT-Rosenheim-Rw36-44.2T-12-4-12-4T-en.pdf",NULL,NULL,NULL,"2","12","2014-09-03 12:42:46","0","2014-09-03 12:42:46",
"10","1","6,4T (VSG 33.1T)/12/6/12/4T","3","1","IFT-Rosenheim-Rw36-VSG-33.1T-12-6-12-4T-en.pdf",NULL,"101626096747.pdf",NULL,"2","12","2014-09-03 12:42:46","0","2014-09-03 12:42:46",
"11","1","6T/12/5/12/4T","3","1","IFT-Rosenheim-Rw36-6T-12-5-12-4T-en.pdf",NULL,"41626096536.pdf",NULL,"2","12","2014-09-03 12:42:46","0","2014-09-03 12:42:46",
"12","1","8/16/4T","2","1","IFT-Rosenheim-Rw36-8-16Ar-4-ang.pdf",NULL,"61624828247.pdf","IFT-Rosenheim-Rw36-8-16Ar-4-pol.pdf","2","12","2014-09-03 12:42:46","0","2014-09-03 12:42:46",
"13","1","8/18/4T","2","1","IFT-Rosenheim-Rw36-8-18Ar-4-ang.pdf",NULL,"91624828473.pdf",NULL,"2","12","2014-09-03 12:42:46","0","2014-09-03 12:42:46",
"14","1","8/20/5T","2","1","IFT-Rosenheim-Rw36-8-20-5T-en.pdf",NULL,"01624828713.pdf",NULL,"2","12","2014-09-03 12:42:46","0","2014-09-03 12:42:46",
"15","1","6,4T (VSG 33.1T)/12/4/12/6,4T (VSG 33.1T)","3","1","IFT-Rosenheim-Rw37-33.1T-12Ar-4-12Ar-33.1T-en.pdf",NULL,NULL,NULL,"2","12","2014-09-03 12:42:46","0","2014-09-03 12:42:46",
"16","1","10/16/4T","2","1","IFT-Rosenheim-Rw37-10-16Ar-4T-en.pdf",NULL,NULL,NULL,"2","12","2014-09-03 12:42:46","0","2014-09-03 12:42:46",
"17","1","8/16/6,8T (VSG 33.2T) ","2","1","IFT-Rosenheim-Rw37-8-16Ar-33.2T.pdf",NULL,NULL,NULL,"2","12","2014-09-03 12:42:46","0","2014-09-03 12:42:46",
"18","1","8T/12/6/12/6T","3","1","IFT-Rosenheim-Rw37-8T-12Ar-6-12Ar-6T-en.pdf",NULL,NULL,NULL,"2","12","2014-09-03 12:42:46","0","2014-09-03 12:42:46",
"19","1","6,4T (VSG 33.1T) Acoustic/12/6/12/4T","3","1","IFT-Rosenheim-Rw37-33.1T-12Ar-6-12Ar-4T-en.pdf",NULL,NULL,NULL,"2","12","2014-09-03 12:42:46","0","2014-09-03 12:42:46",
"20","1","8/20/4T","2","1","IFT-Rosenheim-Rw37-8-20Ar-4-ang.pdf",NULL,"101624829105.pdf",NULL,"2","12","2014-09-03 12:42:46","0","2014-09-03 12:42:46",
"21","1","8/16/8,8T (VSG 44.2T)","2","1","IFT-Rosenheim-Rw37-8-16Ar-44.2T-swiadectwo-j.-angielski.pdf",NULL,"21624829784.pdf",NULL,"2","12","2014-09-03 12:42:46","0","2014-09-03 12:42:46",
"22","1","8,8 (VSG 44.2)/16/4T","2","1","IFT-Rosenheim-Rw37-VSG44.2-16Ar-4-ang.pdf",NULL,"61624829281.pdf",NULL,"2","12","2014-09-03 12:42:46","0","2014-09-03 12:42:46",
"23","1","15 Float","1","1","IFT-Rosenheim-Rw37-15-float-en.pdf",NULL,"31624826283.pdf",NULL,"2","12","2014-09-03 12:42:46","0","2014-09-03 12:42:46",
"24","1","12,8 (VSG 66.2)","1","1","IFT-Rosenheim-Rw37-VSG-66.2-en.pdf",NULL,"61624826218.pdf",NULL,"2","12","2014-09-03 12:42:46","0","2014-09-03 12:42:46",
"25","1","8,4 (VSG 44.1)/16/6T","2","1","IFT-Rosenheim-Rw38-VSG44.1-16Ar-6-ang.pdf",NULL,"51624829999.pdf","IFTRosenheimRw38VSG44.1-16Ar-6pl.pdf","2","12","2014-09-03 12:42:46","0","2014-09-03 12:42:46",
"26","1","6T/12/4/12/8T","3","1","341624541105.pdf",NULL,NULL,"131624541105.pdf","2","12","2014-09-03 12:42:46","0","2014-09-03 12:42:46","6/12/4/12/8"
"27","1","8T/12/8/12/6,8T (VSG 33.2T)","3","1","IFT-Rosenheim-Rw39-8T-12-8-12-VSG33.2T-en.pdf",NULL,NULL,NULL,"2","12","2014-09-03 12:42:46","0","2014-09-03 12:42:46",
"28","1","8,8T (VSG 44.2T)/12/4/12/6,4T (VSG 33.1T)","3","1","IFT-Rosenheim-Rw39-VSG44.2-12Ar-4-12Ar-VSG33.1-en.pdf",NULL,NULL,NULL,"2","12","2014-09-03 12:42:46","0","2014-09-03 12:42:46",
"29","1","10/12/6/12/4 ","3","1","IFT-Rosenheim-Rw39-10-12-6-12-4-en.pdf",NULL,NULL,NULL,"2","12","2014-09-03 12:42:46","12","2014-09-03 12:42:46",
"30","1","8,4 (VSG 44.1) Acoustic/16/4T","2","1","IFT_Rosenheim_Rw39_VSG44.1_Akustic-16Ar-4_en.pdf",NULL,"101624831771.pdf",NULL,"2","12","2014-09-03 12:42:46","0","2014-09-03 12:42:46",
"31","1","16,8 (VSG 88.2)","1","1","IFT-Rosenheim-Rw39-VSG-88.2-en.pdf",NULL,"31624826377.pdf",NULL,"2","12","2014-09-03 12:42:46","0","2014-09-03 12:42:46",
"32","1","8,8 (VSG 44.2)/16/6T","2","1","341625579483.pdf",NULL,NULL,NULL,"2","12","2014-09-03 12:42:46","0","2014-09-03 12:42:46",
"33","1","8,8 (VSG 44.2)/20/6T","2","1","IFT-Rosenheim-Rw39-VSG44.2-20Ar-6-ang.pdf",NULL,"11625580090.pdf",NULL,"2","12","2014-09-03 12:42:46","0","2014-09-03 12:42:46",
"34","1","9,5T (44.4T)/12/6/12/6T","3","1","IFT-Rosenheim-Rw40-44.4T-12-6-12-6T-en.pdf",NULL,NULL,NULL,"2","12","2014-09-03 12:42:46","0","2014-09-03 12:42:46",
"35","1","6T/14/4/14/ 9,5T (VSG 44.4T)","3","1","IFT-Rosenheim-Rw40-6T-14-4-14-44.4T-en.pdf",NULL,NULL,NULL,"2","12","2014-09-03 12:42:46","0","2014-09-03 12:42:46",
"36","1","6,4 (VSG 33.1) Acoustic/16/6T","2","1","IFT_Rosenheim_Rw40_VSG33.1_Silance-16Ar-6_en.pdf",NULL,"41626079025.pdf",NULL,"2","12","2014-09-03 12:42:46","0","2014-09-03 12:42:46",
"37","1","9,5 (VSG 44.4)/16/6T","2","1","IFT-Rosenheim-Rw40-VSG44.4-16Ar-6-ang.pdf",NULL,"11626079897.pdf",NULL,"2","12","2014-09-03 12:42:46","0","2014-09-03 12:42:46",
"38","1","8,8 (VSG 44.2)/16/6,4T (VSG 33.1T)","2","1","IFT-Rosenheim-Rw40-44.2-16Ar-33.1T-swiadectwo-j.-angielski.pdf",NULL,"01626080142.pdf",NULL,"2","12","2014-09-03 12:42:46","0","2014-09-03 12:42:46",
"39","1","6,4 (VSG 33.1) Acoustic/12/6,4T (VSG 33.1T) Acoustic","2","1","IFT-Rosenheim-Rw40-VSG-33.1-akustic-12Ar-VSG-33.1-akustic-swiadectwo-j.-angielski.pdf",NULL,"41626080503.pdf",NULL,"2","12","2014-09-03 12:42:46","0","2014-09-03 12:42:46",
"40","1","6/16/10,8T (VSG 55.2T)","2","1","IFT-Rosenheim-Rw40-6-16Ar-55.2T-swiadectwo-j.-angielski.pdf",NULL,NULL,NULL,"2","12","2014-09-03 12:42:46","0","2014-09-03 12:42:46",
"41","1","8/20/8,8T (VSG 44.2T)","2","1","CIS-Rw40-8-20Ar-44.2T-en.pdf",NULL,NULL,NULL,"2","12","2014-09-03 12:42:46","0","2014-09-03 12:42:46",
"42","1","10/16/12,8T (VSG 66.2T)","2","1","351626082471.pdf",NULL,NULL,NULL,"2","12","2014-09-03 12:42:46","0","2014-09-03 12:42:46",
"43","1","6/20/10,8T (VSG 55.2T)","2","1","IFT-Rosenheim-Rw41-6-20Ar-VSG-55.2-swiadectwo-j.angielski-.pdf",NULL,NULL,NULL,"2","12","2014-09-03 12:42:46","0","2014-09-03 12:42:46",
"44","1","8,4 (VSG 44.1) Acoustic/16/6T","2","1","IFT-Rosenheim-Rw41-VSG44.1-Stratophone-16Ar-6-ang.pdf",NULL,"91626080898.pdf",NULL,"2","12","2014-09-03 12:42:46","0","2014-09-03 12:42:46",
"45","1","8/16/10,8T (VSG 55.2T)","2","1","IFT-Rosenheim-Rw41-8-16Ar-55.2T-swiadectwo-j.-angielski.pdf",NULL,"21626083713.pdf",NULL,"2","12","2014-09-03 12:42:46","0","2014-09-03 12:42:46",
"46","1","8,8 (VSG 44.2) Acoustic/16/6T","2","1","IFT-Rosenheim-Rw42-VSG44.2-akustic-16Ar-6-ang.pdf",NULL,"101626084198.pdf","IFT-Rosenheim-Rw42-VSG44.2-akustic-16Ar-6-pol.pdf","2","12","2014-09-03 12:42:46","0","2014-09-03 12:42:46",
"47","1","8T/12/4/12/10,8T (VSG 55.2T)","3","1","IFT-Rosenheim-Rw42-8T-12Ar-4-12Ar-55.2T-en.pdf",NULL,NULL,NULL,"2","12","2014-09-03 12:42:46","0","2014-09-03 12:42:46",
"48","1","8,8 (VSG 44.2) Acoustic/20/6T","2","1","IFT-Rosenheim-Rw42-VSG44.2-akustic-20Ar-6-en.pdf",NULL,"21626085341.pdf",NULL,"2","12","2014-09-03 12:42:46","0","2014-09-03 12:42:46",
"49","1","6/16/10,8T (VSG 55.2T) Acoustic","2","1","IFT-Rosenheim-Rw42-6-16Ar-VSG-55.2-akustic-swiadectwo-j.-angielski.pdf",NULL,"51626084400.pdf",NULL,"2","12","2014-09-03 12:42:46","0","2014-09-03 12:42:46",
"50","1","8/16/8,8T (VSG 44.2T) Acoustic","2","1","IFT-Rosenheim-Rw42-8-16Ar-44.2-T-akustic-swiadectwo-j.-angielski.pdf",NULL,"101626084577.pdf",NULL,"2","12","2014-09-03 12:42:46","0","2014-09-03 12:42:46",
"51","1","10/24/8,8T (VSG 44.2T)","2","1","IFT-Rosenheim-Rw42-10-24Ar-44.2T-swiadectwo-j.-angielski.pdf",NULL,"31626085233.pdf",NULL,"2","12","2014-09-03 12:42:46","0","2014-09-03 12:42:46",
"52","1","6T/12/4/12/8,8T (VSG 44.2T) Acoustic","3","1","381626431986.pdf",NULL,"21626431986.pdf",NULL,"2","12","2014-09-03 12:42:46","0","2014-09-03 12:42:46","6/12/4/12/8,8 (Lami. 44.2) Acoustic"
"53","1","6/20/10,8T (VSG 55.2T) Acoustic","2","1","IFT-Rosenheim-Rw43-6-20Ar-VSG-55.2-akustic-swiadectwo-j.-angielski.pdf",NULL,NULL,NULL,"2","12","2014-09-03 12:42:46","0","2014-09-03 12:42:46",
"54","1","9,5 (VSG 44.4)/16/12,8T (VSG 66.2T)","2","1","13-003698-PR01-PB-Z2-H01-04-en-01_Deckblatt.pdf",NULL,NULL,NULL,"2","12","2014-09-03 12:42:46","0","2014-09-03 12:42:46",
"55","1","8T/12/6/12/8,8T (VSG 44.2T) Acoustic","3","1","IFT-Rosenheim-Rw42-8T-12-6-12-88T-VSG-44.2-Acoustic-en.pdf",NULL,"91626170313.pdf",NULL,"2","12","2014-09-03 12:42:46","0","2014-09-03 12:42:46",
"56","1","8,8T (VSG 44.2T) Acoustic/12/6/10/10","3","1","IFT-Rosenheim-Rw44-44.2-Acoustic-12-6-10-10-en.pdf",NULL,NULL,NULL,"2","12","2014-09-03 12:42:46","0","2014-09-03 12:42:46",
"57","1","8/16/10,8T (VSG 55.2T) Acoustic","2","1","IFT-Rosenheim-Rw44-8-16Ar-VSG-55.2-akustic-swiadectwo-j.-angielski.pdf",NULL,"91626091795.pdf",NULL,"2","12","2014-09-03 12:42:46","0","2014-09-03 12:42:46",
"58","1","8T/12/6/12/10,8T (VSG 55.2T) Acoustic","3","0","IFT-Rosenheim-Rw44-8-12-6-12-55.2-Acoustic-en.pdf",NULL,NULL,NULL,"2","12","2014-09-03 12:42:46","0","2014-09-03 12:42:46",
"59","1","8/20/8,4T (VSG 44.1T) Acoustic","2","1","CIS-Rw44-8T-20Ar-44.1-Acoustic-en.pdf",NULL,NULL,NULL,"2","12","2014-09-03 12:42:46","0","2014-09-03 12:42:46",
"60","1","9,5T (VSG 44.4T)/14/4/14/9,5T (VSG 44.4T) Acoustic ","3","1","13-003698-PR01-PB-Z1-H01-04-en-01_Deckblatt.pdf",NULL,NULL,NULL,"2","12","2014-09-03 12:42:46","0","2014-09-03 12:42:46",
"61","1","10/16/8,8T (VSG 44.2T) Acoustic","2","1","IFT-Rosenheim-Rw45-10-16Ar-VSG-44.2-akustic-swiadectwo-j.-angielski.pdf",NULL,"41626093611.pdf",NULL,"2","12","2014-09-03 12:42:46","0","2014-09-03 12:42:46",
"62","1","10/16/12,8T (VSG 66.2T) Acoustic","2","1","CIS-Rw45-10-16-66.2-Acoustic-en.pdf",NULL,NULL,NULL,"2","12","2014-09-03 12:42:46","0","2014-09-03 12:42:46",
"63","1","9,5 (VSG 44.4)/20/8,8T (VSG 44.2T) Acoustic","2","1","IFT-Rosenheim-Rw46-44.4-20Ar-VSG-44.2-akustic-swiadectwo-j.-angielski.pdf",NULL,"01626094805.pdf",NULL,"2","12","2014-09-03 12:42:46","0","2014-09-03 12:42:46",
"64","1","10T/12/6/12/12,8T (VSG 66.2T) Acoustic","3","1","381624543629.pdf",NULL,NULL,"121624543629.pdf","2","12","2014-09-03 12:42:46","0","2014-09-03 12:42:46","10/12/6/12/12,8 (Lami. 66.2) Acoustic"
"65","1","10/20/8,8T (VSG 44.2T) Acoustic","2","1","CIS-Rw46-10-20-44.2-Acoustic-en.pdf","301626095034.pdf",NULL,"CIS-Rw46-10-20-44.2-Acoustic-pl.pdf","2","12","2014-09-03 12:42:46","0","2014-09-03 12:42:46",
"66","1","10/20/10,8T (VSG 55.2T) Acoustic","2","1","CIS-Rw46-10-20-55.2-Acoustic-en.pdf",NULL,NULL,NULL,"2","12","2014-09-03 12:42:46","0","2014-09-03 12:42:46",
"67","1","16,8 (VSG 88.2) Acoustic/16/12,8T (VSG 66.2T) Acoustic","2","1","CIS-Rw50-88.2-Acoustic-16-66.2-Acoustic-en.pdf",NULL,NULL,NULL,"2","12","2014-09-03 12:42:46","0","2014-09-03 12:42:46",
"68","1","12,8 (VSG 66.2) Acoustic/20/8,8T (VSG 44.2T) Acoustic","2","1","IFT-Rosenheim-Rw51-VSG-66.2-akustic-20Ar-VSG-44.2-akustic-ang.pdf",NULL,"81626095268.pdf","IFT-Rosenheim-Rw51-VSG-66.2-akustic-20Ar-VSG-44.2-akustic-pol.pdf","2","12","2014-09-03 12:42:46","0","2014-09-03 12:42:46","12,8 (Lami. 66.2) Acoustic/20/8,8 (Lami. 44.2) Acoustic"
"69","1","15,5 (VSG 68.4) Acoustic/15/16,8T (VSG 88.2T) Acoustic","2","1","CIS-Rw51-VSG6-152-Acoustic-8-15Ar-VSG8-076-Acoustic-8-en.pdf","291626095835.pdf",NULL,"CIS-Rw51-VSG6-152-Acoustic-8-15Ar-VSG8-076-Acoustic-8-pl.pdf","2","12","2014-09-03 12:42:46","0","2014-09-03 12:42:46",
"70","1","16,8 (VSG 88.2) Acoustic/20/12,8T (VSG 66.2T) Acoustic","2","1","IFT-Rosenheim-Rw51-VSG-88.2-akustic-20Ar-VSG-66.2-akustic-swiadectwo-j.-angielski.pdf",NULL,"51626095920.pdf",NULL,"2","12","2014-09-03 12:42:46","0","2014-09-03 12:42:46","16,8 (Lami. 88.2) Acoustic/20/12,8 (Lami. 66.2) Acoustic"
"71","1","15,5 (VSG 68.4) Acoustic/15/4/12/16,8T (VSG 88.2T) Acoustic","3","1","IFT-Rosenheim-Rw52-VSG-68.4-Acoustic-15Ar-4-12Ar-VSG-88.2-Acoustic-swiadectwo-j.-angielski.pdf",NULL,NULL,NULL,"2","12","2014-09-03 12:42:46","0","2014-09-03 12:42:46","15,5 (Lami 68.4) Acoustic/15/4/12/16,8 (Lami 88.2) Acoustic"
"72","1","8/12/8,4T (VSG 44.1T) Acoustic","2","1","IFT_Rosenheim_Rw41-8-12-84T-VSG-44.1T-Acoustic.pdf",NULL,NULL,NULL,"2","18","2015-07-07 14:45:10","18","2015-07-07 14:45:10",
"73","1","13,5 (VSG 66.4)/16/12T","2","1","IFT_Rosenheim_Rw41-135-VSG-66.4-16-12T.pdf",NULL,NULL,NULL,"2","18","2015-07-07 15:02:01","18","2015-07-07 15:02:01",
"74","1","13,5 (VSG 66.4)/16/8T","2","1","IFT_Rosenheim_Rw42-135-VSG-66.4-16-8T.pdf",NULL,NULL,NULL,"2","18","2015-07-07 15:10:04","18","2015-07-07 15:10:04",
"75","1","10,8 (VSG 55.2) Acoustic/12/8,8T (VSG 44.2T) Acoustic","2","1","IFT_Rosenheim_Rw45-VSG-55.2-Acoustic-12-VSG-44.2T-Acoustic.pdf",NULL,NULL,NULL,"2","18","2015-07-07 15:29:20","0","2015-07-07 15:29:20",
"76","1","6/12/8,4T (VSG 44.1T) Acoustic","2","1","IFT_Rosenheim_Rw40-6-12-84T-VSG-44.1T-Acoustic.pdf",NULL,NULL,NULL,"2","18","2015-07-07 15:58:31","0","2015-07-07 15:58:31",
"77","1","11,5 (VSG 55.4)/20/13,5 (VSG 66.4)","2","1","IFT-Rosenheim-Rw47-VSG-55.4-20Ar-VSG-66.2-en.pdf",NULL,NULL,NULL,"2","18","2015-08-05 10:03:58","0","2015-08-05 10:03:58",
"84","1","8/20/10,8 (VSG 55.2)","2","1","Gryfitlab-8-20-108-VSG-55.2-en.pdf",NULL,NULL,NULL,"2","13","2016-02-04 09:39:13","0","2016-02-04 09:39:13","8/20/10,8 (Lami. 55.2)"
"85","1","6/12/6T","2","1","CSI_Rw_33_IGU_6-12-6_269-19_EN.pdf",NULL,NULL,NULL,"2","21","2016-06-30 15:41:52","0","2016-06-30 15:41:52","6/12/6"
"86","1","6T/12/6/12/6T","3","1","GLA-1255_7_16_Evidence_of_performance_glass_6-12-6-12-6.pdf",NULL,NULL,NULL,"2","21","2016-06-30 15:48:11","0","2016-06-30 15:48:11","6/12/6/12/6"
"87","1","8,8T (VSG 44.2T)/12/4/12/8,8T (VSG 44.2T)","3","1","GLA-1255_6_16_Evidence_of_performance_glass_44.2-12-4-12-44.2.pdf",NULL,NULL,NULL,"2","21","2016-07-01 15:16:05","0","2016-07-01 15:16:05","8,8 (Lami. 44.2)/12/4/12/8,8 (Lami. 44.2)"
"88","1","8,8T (VSG 44.2T)/12/6/12/8,8T (VSG 44.2T)","3","1","GLA-1255_5_16_Evidence_of_performance_glass_44.2-12-6-12-44.2.pdf",NULL,NULL,NULL,"2","21","2016-07-01 15:33:11","0","2016-07-01 15:33:11","8,8 (Lami. 44.2)/12/6/12/8,8 (Lami. 44.2)"
"89","1","4T/12/4/12/6,4T (VSG 33.1T)","3","1","GLA-1255_4_16_Evidence_of_performance_glass_4-12-4-12-33.1.pdf",NULL,NULL,NULL,"2","21","2016-07-01 16:00:07","0","2016-07-01 16:00:07","4/12/4/12/6,4 (Lami. 33.1)"
"90","1","8T/12/6/12/10,8T (VSG 55.2T)","3","1","GLA-1255_3_16_Evidence_of_performance_glass_8-12-6-12-55.2.pdf",NULL,NULL,"Gryfitlab_Rw_43_6-12-6-12-55.2-pol.pdf","2","21","2016-07-01 16:10:22","0","2016-07-01 16:10:22","8/12/6/12/10,8 (Lami. 55.2)"
"91","1","8,8 (VSG 44.2)/12/8,8T (VSG 44.2T)","2","1","GLA-1255_2_16_Evidence_of_performance_44_2-12-44_2.pdf",NULL,NULL,NULL,"2","21","2016-07-01 16:18:35","0","2016-07-01 16:18:35","8,8 (Lami. 44.2)/12/8,8 (Lami. 44.2)"
"92","1","6,4 (VSG 33.1)/12/6,4T (VSG 33.1T)","2","1","GLA-1255_1_16_Evidence_of_performance_glass_33_1-12-33_1.pdf",NULL,NULL,NULL,"2","21","2016-07-01 16:37:45","0","2016-07-01 16:37:45","6,4 (Lami. 33.1)/12/6,4 (Lami. 33.1)"
"93","1","8,8T (VSG 44.2T) Acoustic/12/6/12/12,8T (VSG 66.2T) Acoustic","3","1","321625566816.pdf",NULL,NULL,"121625566842.pdf","2","21","2016-09-30 14:28:51","0","2016-09-30 14:28:51","8,8 (VSG 44.2) Acoustic/12/6/12/12,8 (VSG 66.2) Acoustic"
"94","1","10,8T (VSG 55.2T) Acoustic/16/6/16/8T","3","1","371626375251.pdf",NULL,NULL,NULL,"2","21","2016-09-30 15:12:29","0","2016-09-30 15:12:29",
"95","1","4T/12/4/12/6T","3","1","341624540278.pdf",NULL,NULL,"121624540278.pdf","2","21","2016-12-07 09:28:05","0","2016-12-07 09:28:05","4/12/4/12/6"
"96","1","8/14/6T","2","1","Gryfitlab_Rw_38_8-14-6-eng.pdf",NULL,NULL,"Gryfitlab_Rw_38_8-14-6-pol.pdf","2","21","2016-12-07 09:34:58","0","2016-12-07 09:34:58","8/14/6"
"97","1","6T/12/6/12/8,8T (VSG 44.2T)","3","1","Gryfitlab_Rw_40_6-12-6-12-44.2-eng1.pdf",NULL,NULL,"Gryfitlab_Rw_40_6-12-6-12-44.2-pol1.pdf","2","21","2016-12-07 09:45:02","0","2016-12-07 09:45:02","6/12/6/12/8,8 (Lami. 44.2)"
"98","1","6T/12/6/12/8,8T (VSG 44.2T) Acoustic","3","1","Gryfitlab_Rw_41_6-12-6-12-44.2aku-eng.pdf",NULL,NULL,"Gryfitlab_Rw_41_6-12-6-12-44.2aku-pol.pdf","2","21","2016-12-07 09:52:59","0","2016-12-07 09:52:59","6/12/6/12/8,8 (Lami. 44.2) Acoustic"
"99","1","12,8 (VSG 66.2) Acoustic","1","1","Gryfitlab_Rw_40_66.2_aku-en1.pdf",NULL,NULL,"161625573600.pdf","2","21","2016-12-13 08:43:09","0","2016-12-13 08:43:09","12,8 (Lami. 66.2) Acoustic"
"100","1","16,8 (VSG 88.2) Acoustic","1","1","331624825208.pdf",NULL,NULL,"111624825208.pdf","2","21","2016-12-13 08:53:40","0","2016-12-13 08:53:40","16,8 (Lami. 88.2) Acoustic"
"101","1","10/14/16,8T (VSG 88.2T)","2","1","Gryfitlab_Rw_43_10-14-88.2-eng.pdf",NULL,NULL,"121626091608.pdf","2","21","2016-12-13 09:17:58","0","2016-12-13 09:17:58","10/14/16,8 (Lami. 88.2)"
"102","1","6T/12/6/12/10,8T (VSG 55.2T)","3","1","Gryfitlab_Rw_43_6-12-6-12-55.2-eng.pdf",NULL,NULL,"131626172851.pdf","2","21","2016-12-13 09:35:38","0","2016-12-13 09:35:38","6/12/6/12/10,8 (Lami. 55.2)"
"103","1","12,8 (VSG 66.2)/12/8,8T (VSG 44.2T)","2","1","Gryfitlab_Rw_43_66.2-12-44.2-eng.pdf",NULL,NULL,"Gryfitlab_Rw_43_66.2-12-44.2-pol.pdf","2","21","2016-12-13 09:42:46","0","2016-12-13 09:42:46","12,8 (Lami. 66.2)/12/8,8 (Lami. 44.2)"
"104","1","8T/12/8/12/10,8T (VSG 55.2T)","3","1","Gryfitlab_Rw_44_8-12-8-12-55.2-en.pdf",NULL,NULL,"Gryfitlab_Rw_44_8-12-8-12-55.2-pol.pdf","2","21","2016-12-13 09:50:00","0","2016-12-13 09:50:00","8/12/8/12/10,8 (Lami. 55.2)"
"105","1","12,8 (VSG 66.2) Acoustic/12/8T","2","1","Gryfitlab_Rw_42_IGU_66.2aku-12-8-en.pdf",NULL,NULL,"Gryfitlab_Rw_42_IGU_66.2aku-12-8-pol.pdf","2","21","2017-02-21 09:09:54","0","2017-02-21 09:09:54","12,8 (Lami. 66.2) Acoustic/12/8"
"106","1","8T/12/6/12/8,8T (VSG 44.2T)","3","1","Gryfitlab_Rw_43_IGU_8-12-6-12-44.2-en.pdf",NULL,NULL,"Gryfitlab_Rw_43_IGU_8-12-6-12-44.2-pol.pdf","2","21","2017-02-21 09:24:48","0","2017-02-21 09:24:48","8/12/6/12/8,8 (Lami. 44.2)"
"107","1","12,8 (VSG 66.2) Acoustic/12/10T","2","1","Gryfitlab_Rw_43_IGU_66.2aku-12-10-en.pdf",NULL,NULL,"161626085748.pdf","2","21","2017-02-21 09:40:07","0","2017-02-21 09:40:07","12,8 (Lami. 66.2) Acoustic/12/10"
"108","1","16,8 (VSG 88.2) Acoustic/12/10T","2","1","Gryfitlab_Rw_44_88.aku-12-10-en.pdf",NULL,NULL,"Gryfitlab_Rw_44_88.aku-12-10-pol.pdf","2","21","2017-02-21 09:46:59","0","2017-02-21 09:46:59","16,8 (Lami. 88.2) Acoustic/12/10"
"109","1","15,5T (VSG 68.4T) Acoustic/12/4/12/15T (VSG 66.8T) Acoustic","3","1","Gryfitlab_Rw_50_IGU_15.52aku-12-4-12-15.04aku-en.pdf",NULL,NULL,"Gryfitlab_Rw_50_IGU_15.52aku-12-4-12-15.04aku-pol.pdf","2","21","2017-02-21 09:57:20","0","2017-02-21 09:57:20","15,5 (Lami. 68.4) Acoustic/12/4/12/15 (Lami. 66.8) Acoustic"
"110","1","6T/12/4/12/8,8T (VSG 44.2T)","3","1","401625567912.pdf",NULL,NULL,"171625567912.pdf","2","21","2017-05-16 08:28:38","0","2017-05-16 08:28:38","6/12/4/12/8,8 (Lami. 44.2)"
"111","1","8T/16/6/16/12,8T (VSG 66.2T)","3","1","Gryfitlab_Rw_45_IGU_8-16-6-16-66.2-en.pdf",NULL,NULL,"Gryfitlab_Rw_45_IGU_8-16-6-16-66.2-pl.pdf","2","21","2017-05-16 08:34:32","0","2017-05-16 08:34:32","8/16/6/16/12,8 (Lami. 66.2)"
"112","1","8T/16/6/16/12,8T (VSG 66.2T) Acoustic","3","1","Gryfitlab_Rw_46_IGU_-8-16-6-16-66.2aku-en.pdf",NULL,NULL,"Gryfitlab_Rw_46_IGU_-8-16-6-16-66.2aku-pl.pdf","2","21","2017-05-16 08:38:41","0","2017-05-16 08:38:41","8/16/6/16/12,8 (Lami. 66.2) Acoustic"
"113","1","12,8 (VSG 66.2) Acoustic/16/8,8T (VSG 44.2T) Acoustic","2","1","Gryfitlab_Rw_47_IGU_12.76aku-16-8.76aku-en.pdf",NULL,NULL,"Gryfitlab_Rw_47_IGU_12.76aku-16-8.76aku-pl.pdf","2","21","2017-05-16 08:58:55","0","2017-05-16 08:58:55","12,8 (Lami. 66.2) Acoustic/16/8,8 (Lami. 44.2) Acoustic"
"114","1","12,8 (VSG 66.2)/12/6T","2","1","Gryfitlab_Rw_40_IGU_1276-12-6-en.pdf",NULL,NULL,"Gryfitlab_Rw_40_IGU_1276-12-6-pl.pdf","2","21","2017-05-30 15:29:18","0","2017-05-30 15:29:18","12,8 (Lami. 66.2)/12/6"
"115","1","12,8T (VSG 66.2T)/12/6/12/6T","3","1","Gryfitlab_Rw_43_IGU_1276-12-6-12-6-en.pdf",NULL,NULL,"Gryfitlab_Rw_43_IGU_1276-12-6-12-6-pl.pdf","2","21","2017-05-30 15:34:48","0","2017-05-30 15:34:48","12,8 (Lami. 66.2)/12/6/12/6"
"116","1","8,8 (VSG 44.2) Acoustic/12/8,8T (VSG 44.2T)","2","1","Gryfitlab_Rw_43_IGU_876aku-12-876-en.pdf",NULL,NULL,"131626085613.pdf","2","21","2017-05-30 15:40:22","0","2017-05-30 15:40:22","8,8 (Lami. 44.2) Acoustic/12/8,8 (Lami. 44.2)"
"117","1","12,8T (VSG 66.2T)/16/4/16/6T","3","1","Gryfitlab_Rw_44_IGU_1276-16-4-16-6_en.pdf",NULL,NULL,"Gryfitlab_Rw_44_IGU_1276-16-4-16-6_pl.pdf","2","21","2017-08-23 12:06:14","0","2017-08-23 12:06:14","12,8 (Lami. 66.2)/16/4/16/6"
"118","1","12,8T (VSG 66.2T)/16/4/16/9,5T (VSG 44.4T)","3","1","Gryfitlab_Rw_47_IGU_1276-16-4-16-952_en.pdf",NULL,NULL,"Gryfitlab_Rw_47_IGU_1276-16-4-16-952_pl.pdf","2","21","2017-08-23 12:24:11","0","2017-08-23 12:24:11","12,8 (Lami. 66.2)/16/4/16/9,5 (Lami. 44.4)"
"119","1","12,8T (VSG 66.2T)/16/4/16/27,8T P8B","3","1","Gryfitlab_Rw_48_IGU_1276-16-4-16-278_en.pdf",NULL,NULL,"Gryfitlab_Rw_48_IGU_1276-16-4-16-278_pl.pdf","2","21","2017-08-23 12:34:48","0","2017-08-23 12:34:48","12,8 (Lami. 66.2)/16/4/16/27,8 P8B"
"120","1","13,5T (VSG 66.4T) Acoustic/14/12,8T (VSG 66.2T) Acoustic","2","1","Gryfitlab_Rw_48_IGU_1352aku-14-1276aku_en.pdf",NULL,NULL,"Gryfitlab_Rw_48_IGU_1352aku-14-1276aku_pl.pdf","2","21","2017-09-12 08:47:25","0","2017-09-12 08:47:25","13,5 (Lami. 66.4) Acoustic/14/12,8 (Lami. 66.2) Acoustic"
"132","1","8,8 (VSG 44.2) Acoustic/16/6,8T (VSG 33.2T)","2","1","Gryfitlab_Rw_41_IGU_876aku-16-676-en.pdf",NULL,NULL,NULL,"2","21","2018-04-12 18:17:08","0","2018-04-12 18:17:08","8,8 (Lami 44.2) Acoustic/16/6,8 (Lami 33.2)"
"135","1","8/16/6/16/10,8 (VSG 55.2)","3","1","CSI_Rw_43_IGU_8_16_6_16_VSG_552.pdf",NULL,NULL,NULL,"2","18","2018-05-30 09:00:16","0","2018-05-30 09:00:16",
"136","1","8/16/6/16/10,8 (VSG 55.2) Acoustic","3","1","CSI_Rw_45_IGU_8_16_6_16_VSG_552-aku.pdf",NULL,NULL,NULL,"2","18","2018-05-30 09:08:56","0","2018-05-30 09:08:56",
"137","1","10/16/6/16/10,8 (VSG 55.2) Acoustic","3","1","CSI_Rw_47_IGU_10_16_6_16_VSG_552-aku.pdf",NULL,NULL,NULL,"2","18","2018-05-30 09:14:26","0","2018-05-30 09:14:26",
"138","1","13,5T (VSG 66.4T) Acoustic/14/8/12/13,5T (VSG 66.4T) Acoustic","3","1","GLA-1378.1_18_Rw_51_IGU_1352aku-14-8-12-1352aku.pdf",NULL,NULL,NULL,"2","21","2018-06-11 09:18:14","0","2018-06-11 09:18:14","13,5 (Lami. 66.4) Acoustic/14/8/12/13,5 (Lami 66.4) Acoustic"
"139","1","12,8T (VSG 66.2T)/16/4/18/23T P7B","3","1","GLA-1378.2_18_Rw_49_STC_48_IGU_1276-16-4-18-2304-en.pdf",NULL,NULL,NULL,"2","21","2018-06-11 09:28:07","0","2018-06-11 09:28:07","12,8 (Lami. 66.2)/16/4/18/23 P7B"
"140","1","8,8T (VSG 44.2T) Acoustic/12/6/12/4T","3","1","CSI_Rw_41_IGU_44.2a-12-6-12-4_en.pdf",NULL,NULL,NULL,"2","21","2018-10-17 12:55:08","21","2018-10-17 12:55:08","8,8 (Lami 44.2) Acoustic/12/6/12/4"
"141","1","6,4T (VSG 33.1T) Acoustic/12/4/12/6,4T (VSG 33.1T) Acoustic","3","1","CSI_Rw_43_IGU_33.1a-12-4-12-33.1a_en.pdf",NULL,NULL,NULL,"2","21","2018-10-17 13:38:23","21","2018-10-17 13:38:23","6,4 (Lami. 33.1) Acoustic/12/4/12/6,4 (Lami. 33.1) Acoustic"
"142","1","8,8T (VSG 44.2T) Acoustic/16/8,8T (VSG 44.2T) Acoustic","2","1","GLA_Rw_45_IGU_876aku-16-876aku.pdf",NULL,NULL,"GLA_Rw_45_IGU_876aku-16-876aku-pl.pdf","2","21","2018-10-17 13:44:51","0","2018-10-17 13:44:51","8,8 (Lami. 44.2) Acoustic/16/8,8 (Lami. 44.2) Acoustic"
"143","1","8,4T (VSG 44.1T) Acoustic/12/4/12/8,4T (VSG 44.1T) Acoustic","3","1","CSI_Rw_47_IGU_44.1a-12-4-12-44.1a_en.pdf",NULL,NULL,NULL,"2","21","2018-10-17 14:08:00","0","2018-10-17 14:08:00","8,4 (Lami. 44.1) Acoustic/12/4/12/8,4 (Lami. 44.1) Acoustic"
"144","1","8,4T (VSG 44.1T) Acoustic/12/6/12/8,4T (VSG 44.1T) Acoustic","3","1","CSI_Rw_47_IGU_44.1a-12-6-12-44.1a_en.pdf",NULL,NULL,NULL,"2","13","2018-10-17 14:48:09","0","2018-10-17 14:48:09","8,4 (Lami. 44.1) Acoustic/12/6/12/8,4 (VSG 44.1) Acoustic"
"145","1","8,8T (VSG 44.2T) Acoustic/12/6/12/8,4T (VSG 44.1T) Acoustic","3","1","CSI_Rw_47_IGU_44.2a-12-6-12-44.1a_en.pdf",NULL,NULL,NULL,"2","21","2018-10-18 08:43:11","21","2018-10-18 08:43:11","8,8 (Lami. 44.2) Acoustic/12/6/12/8,4 (Lami. 44.1) Acoustic"
"146","1","8,8T (VSG 44.2T) Acoustic/12/6/12/8,8T (VSG 44.2T) Acoustic","3","1","CSI_Rw_47_IGU_44.2a-12-6-12-44.2a_en.pdf",NULL,NULL,NULL,"2","21","2018-10-18 08:49:19","21","2018-10-18 08:49:19","8,8 (Lami. 44.2) Acoustic/12/6/12/8,8 (Lami. 44.2) Acoustic"
"147","1","9,5T (VSG 44.4T)/12/6/12/8,8T (VSG 44.2T) Acoustic","3","1","CSI_Rw_47_IGU_44.4-12-6-12-44.2a_en.pdf",NULL,NULL,NULL,"2","21","2018-10-18 09:00:22","21","2018-10-18 09:00:22","9,5 (VSG 44.4)/12/6/12/8,8 (Lami. 44.2) Acoustic"
"148","1","9,5T (VSG 44.4T)/12/8/12/8,8T (VSG 44.2T) Acoustic","3","1","CSI_Rw_47_IGU_44.4-12-8-12-44.2a_en.pdf",NULL,NULL,NULL,"2","21","2018-10-18 09:09:10","0","2018-10-18 09:09:10","9,5 (Lami. 44.4)/12/8/12/8,8 (Lami. 44.2) Acoustic"
"149","1","8,8T (VSG 44.2T) Acoustic/12/8/12/8,4T (VSG 44.1T) Acoustic","3","1","CSI_Rw_48_IGU_44.2a-12-8-12-44.1a_en.pdf",NULL,NULL,NULL,"2","21","2018-10-18 09:17:09","21","2018-10-18 09:17:09","8,8 (Lami. 44.2) Acoustic/12/8/12/8,4 (Lami. 44.1) Acoustic"
"150","1","8,8T (VSG 44.2T) Acoustic/12/8/12/8,8T (VSG 44.2T) Acoustic ","3","1","CSI_Rw_48_IGU_44.2a-12-8-12-44.2a_en.pdf",NULL,NULL,NULL,"2","21","2018-10-18 09:24:31","21","2018-10-18 09:24:31","8,8 (Lami. 44.2) Acoustic/12/8/12/8,8 (Lami. 44.2) Acoustic "
"151","1","10,8T (VSG 55.2T) Acoustic/12/6/12/8,8T (VSG 44.2T) Acoustic","3","1","CSI_Rw_48_IGU_55.2a-12-6-12-44.2a_en.pdf",NULL,NULL,NULL,"2","21","2018-10-18 09:36:37","0","2018-10-18 09:36:37","10,8 (Lami. 55.2) Acoustic/12/6/12/8,8 (Lami. 44.2) Acoustic"
"160","1","6,4T (VSG 33.1T)/12/4/12/26,6 Pyrobel 25","3","1","Gryfitlab_Rw_46_IGU_638-12-4-12-Pyrobel25.pdf",NULL,NULL,"Gryfitlab_Rw_46_IGU_638-12-4-12-Pyrobel25-pl.pdf","2","21","2018-11-16 10:08:13","0","2018-11-16 10:08:13","6,4 (Lami. 33.1)/12/4/12/26,6 Pyrobel 25"
"166","1","8T/16/8","2","1","Gryfitlab_Rw34_IGU_8-16-8-en.pdf",NULL,NULL,"Gryfitlab_Rw34_IGU_8-16-8.pdf","2","21","2019-02-18 16:24:35","0","2019-02-18 16:24:35","8/16/8"
"167","1","8T/16/10","2","1","Gryfitlab_Rw39_IGU_8-16-10-en.pdf",NULL,NULL,"Gryfitlab_Rw39_IGU_8-16-10.pdf","2","21","2019-02-18 16:31:39","21","2019-02-18 16:31:39","8/16/10"
"168","1","8T/16/12","2","1","Gryfitlab_Rw_40_IGU_8-16-12-en.pdf",NULL,NULL,"Gryfitlab_Rw_40_IGU_8-16-12.pdf","2","21","2019-02-18 16:51:39","0","2019-02-18 16:51:39","8/16/12"
"169","1","8T/16/10,8 (VSG 55.2) Acoustic","2","1","341626085400.pdf",NULL,NULL,"Gryfitlab_Rw_42_IGU_8-16-1076aku.pdf","2","21","2019-02-18 17:21:17","0","2019-02-18 17:21:17","8/16/10,8 (Lami 55.2) Acoustic"
"170","1","9,5T (VSG 44.4T)/18/4/15/8,8T (VSG 44.2T) Acoustic","3","1","Gryfitlab_Rw_47_IGU_952-18-4-15-876a_EN.pdf",NULL,NULL,"Gryfitlab_Rw_47_IGU_952-18-4-15-876a_PL.pdf","2","21","2019-10-09 14:57:05","21","2019-10-09 14:57:05","9,5 (Lami. 44.4)/18/4/15/8,8 (Lami 44.2) Acoustic"
"171","1","13,5T (VSG 66.4T) Acoustic/14/4/14/9,5T (VSG 44.4T)","3","1","Gryfitlab_Rw_47_IGU_1352a-14-4-14-952_EN.pdf",NULL,NULL,"Gryfitlab_Rw_47_IGU_1352a-14-4-14-952_PL.pdf","2","21","2019-10-09 15:04:35","0","2019-10-09 15:04:35","13,5 (Lami. 66.4) Acoustic/14/4/14/9,5 (Lami. 44.4)"
"172","1","13,5T (VSG 66.4T) Acoustic/14/4/12/11,5T (VSG 55.4T)","3","1","Gryfitlab_Rw_48_IGU_1352a-14-4-12-1152_EN.pdf",NULL,NULL,"Gryfitlab_Rw_48_IGU_1352a-14-4-12-1152_PL.pdf","2","21","2019-10-09 15:52:28","0","2019-10-09 15:52:28","13,5 (Lami. 66.4) Acoustic/14/4/12/11,5 (Lami. 55.4)"
"174","1","10/12/6T","2","1","CSI_Rw_38_IGU_10-12-6_268-19_EN.pdf",NULL,NULL,NULL,"2","21","2019-10-09 16:01:45","0","2019-10-09 16:01:45","10/12/6"
"175","1","10T/14/4/14/6T","3","1","Gryfitlab_Rw_41_IGU_10-14-4-14-6_EN.pdf",NULL,NULL,"Gryfitlab_Rw_41_IGU_10-14-4-14-6_PL.pdf","2","21","2020-08-25 16:02:00","0","2020-08-25 16:02:00","10/14/4/14/6"
"176","1","8T/14/4/14/8,4T (VSG 44.1T)","3","1","Rw_41_IGU_8-14-4-14-84_EN.pdf",NULL,NULL,NULL,"2","21","2020-08-25 16:11:19","0","2020-08-25 16:11:19","8/14/4/14/8,4 (Lami 44.1)"
"177","1","8T/14/4/14/8,4T (VSG 44.1T) Acoustic","3","1","Rw_44_IGU_8-14-4-14-84_acoustic_EN.pdf",NULL,NULL,NULL,"2","21","2020-08-25 16:16:32","0","2020-08-25 16:16:32","8/14/4/14/8,4 (Lami. 44.1) Acoustic"
"179","1","13,5T (VSG 66.4T) Acoustic/20/8,8 (VSG 44.2)","2","1","CSI_Rw_664T_aku-20-44.2_Eng_.pdf",NULL,NULL,NULL,"2","21","2021-03-24 17:05:12","0","2021-03-24 17:05:12","13,5 (Lami 66.4) Acoustic/20/8,8 (Lami. 44.2)"
"194","1","4T/12/4/12/6,8T (VSG 33.2T) Acoustic","3","1","391624906547.pdf",NULL,NULL,"141624906547.pdf","2","12","2021-06-28 17:32:08","0","2021-06-28 17:32:08","4/12/4/12/6,8 (Lami. 33.2) Acoustic"
"195","1","4T/12/4/12/8T","3","1","391625565577.pdf",NULL,NULL,"181624908157.pdf","2","21","2021-06-28 21:22:37","0","2021-06-28 21:22:37","4/12/4/12/8"
"196","1","4T/12/4/12/8,8T (VSG 44.2T) Acoustic","3","1","351625565061.pdf",NULL,NULL,"171624908640.pdf","2","21","2021-06-28 21:30:40","0","2021-06-28 21:30:40","4/12/4/12/8,8 (Lami. 44.2) Acoustic"
"197","1","8T/12/4/12/8,8T (VSG 44.2T)","3","1","371625564670.pdf",NULL,NULL,"141624910002.pdf","2","21","2021-06-28 21:53:22","0","2021-06-28 21:53:22","8/12/4/12/8,8 (Lami. 44.2)"
"198","1","10T/12/4/12/8,8T (VSG 44.2T)","3","1","351625564388.pdf",NULL,NULL,"201624911546.pdf","2","21","2021-06-28 22:19:06","0","2021-06-28 22:19:06","10/12/4/12/8,8 (Lami. 44.2)"
"199","1","8T/12/4/12/8,8T (VSG 44.2T) Acoustic","3","1","371624912986.pdf",NULL,NULL,"151624912276.pdf","2","21","2021-06-28 22:31:16","0","2021-06-28 22:31:16","8/12/4/12/8,8 (Lami. 44.2) Acoustic"
"201","1","8T/12/4/12/10,8T (VSG 55.2T) Acoustic","3","1","391625563498.pdf",NULL,NULL,"161625563515.pdf","2","21","2021-06-28 22:40:56","0","2021-06-28 22:40:56","8/12/4/12/10,8 (Lami. 55.2) Acoustic"
"202","1","8T/12/6/12/10,8T (VSG 55.2T) Acoustic","3","1","361625563268.pdf",NULL,NULL,"111624913466.pdf","2","21","2021-06-28 22:51:06","0","2021-06-28 22:51:06","8/12/6/12/10,8 (Lami. 55.2) Acoustic"
"203","1","8,8T (VSG 44.2T)/12/6/12/12,8T (VSG 66.2T)","3","1","371625562432.pdf",NULL,NULL,"131624913945.pdf","2","21","2021-06-28 22:59:05","0","2021-06-28 22:59:05","8,8 (Lami. 44.2)/12/6/12/12,8 (Lami. 66.2)"
"204","1","10T/12/6/12/10,8T (VSG 55.2T) Acoustic","3","1","381625561774.pdf",NULL,NULL,"141624914845.pdf","2","21","2021-06-28 23:14:05","0","2021-06-28 23:14:05","10/12/6/12/10,8 (Lami. 55.2) Acoustic"
"205","1","16,8T (VSG 88.2T) Acoustic/12/6/12/12,8T (VSG 66.2T) Acoustic","3","1","361625561574.pdf",NULL,NULL,"111624915928.pdf","2","21","2021-06-28 23:32:08","0","2021-06-28 23:32:08","16,8 (Lami. 88.2) Acoustic/12/6/12/12,8 (Lami. 66.2) Acoustic"
